name,price,image
Royal Canin Veterinary Diets Renal Select - 2 Kg.,15.70,https://www.petsonic.com/25361-large_default/pienso-para-perros-royal-canin-veterinary-diets-renal-select.jpg
Royal Canin Veterinary Diets Renal Select - 10 Kg,51.67,https://www.petsonic.com/25361-large_default/pienso-para-perros-royal-canin-veterinary-diets-renal-select.jpg
Royal Canin Veterinary Diets Hypoallergenic Small Dog - 1 Kg.,11.95,https://www.petsonic.com/24052-large_default/pienso-para-perros-royal-canin-veterinary-diets-hypoallergenic-small-dog.jpg
Royal Canin Veterinary Diets Hypoallergenic Small Dog - 3.5 Kg.,32.95,https://www.petsonic.com/24052-large_default/pienso-para-perros-royal-canin-veterinary-diets-hypoallergenic-small-dog.jpg
Royal Canin Veterinary Diets Calm CD25 - 2 Kg.,23.20,https://www.petsonic.com/28718-large_default/pienso-para-perros-royal-canin-veterinary-diets-calm-cd25.jpg
Royal Canin Veterinary Diets Calm CD25 - 4 Kg.,36.89,https://www.petsonic.com/28718-large_default/pienso-para-perros-royal-canin-veterinary-diets-calm-cd25.jpg
Royal Canin Veterinary Diets Vet Care Neutered Adult Small Dog - 800 Gr.,7.43,https://www.petsonic.com/28716-large_default/pienso-para-perros-royal-canin-veterinary-diets-vet-care-neutered-adult-small-dog.jpg
Royal Canin Veterinary Diets Vet Care Neutered Adult Small Dog - 1.5 Kg.,11.80,https://www.petsonic.com/28716-large_default/pienso-para-perros-royal-canin-veterinary-diets-vet-care-neutered-adult-small-dog.jpg
Royal Canin Veterinary Diets Vet Care Neutered Adult Small Dog - 8 Kg,43.77,https://www.petsonic.com/28716-large_default/pienso-para-perros-royal-canin-veterinary-diets-vet-care-neutered-adult-small-dog.jpg
Royal Canin Veterinary Diets Vet Care Neutered Adult Large Dog - 4 Kg.,22.57,https://www.petsonic.com/28712-large_default/pienso-para-perros-royal-canin-veterinary-diets-vet-care-neutered-adult-large-dog.jpg
Royal Canin Veterinary Diets Vet Care Neutered Adult Large Dog - 13 Kg,55.70,https://www.petsonic.com/28712-large_default/pienso-para-perros-royal-canin-veterinary-diets-vet-care-neutered-adult-large-dog.jpg
Royal Canin Veterinary Diets Hypoallergenic - 2 Kg.,19.50,https://www.petsonic.com/28720-large_default/pienso-para-perros-royal-canin-veterinary-diets-hypoallergenic-dr-21.jpg
Royal Canin Veterinary Diets Hypoallergenic - 7 Kg,48.95,https://www.petsonic.com/28720-large_default/pienso-para-perros-royal-canin-veterinary-diets-hypoallergenic-dr-21.jpg
Royal Canin Veterinary Diets Hypoallergenic - 14 Kg,75.96,https://www.petsonic.com/28720-large_default/pienso-para-perros-royal-canin-veterinary-diets-hypoallergenic-dr-21.jpg
Royal Canin Veterinary Diets Sensitivity Control - 1.5 Kg.,15.33,https://www.petsonic.com/24057-large_default/pienso-para-perros-royal-canin-veterinary-diets-sensitivity-control-sc-24.jpg
Royal Canin Veterinary Diets Sensitivity Control - 7 Kg,50.88,https://www.petsonic.com/24057-large_default/pienso-para-perros-royal-canin-veterinary-diets-sensitivity-control-sc-24.jpg
Royal Canin Veterinary Diets Sensitivity Control - 14 Kg,79.40,https://www.petsonic.com/24057-large_default/pienso-para-perros-royal-canin-veterinary-diets-sensitivity-control-sc-24.jpg
Royal Canin Veterinary Diets Satiety Weight Management Dry - 1.5 Kg.,14.50,https://www.petsonic.com/24056-large_default/pienso-para-perros-royal-canin-veterinary-diets-satiety-weight-management-dry.jpg
Royal Canin Veterinary Diets Satiety Weight Management Dry - 6 Kg,40.95,https://www.petsonic.com/24056-large_default/pienso-para-perros-royal-canin-veterinary-diets-satiety-weight-management-dry.jpg
Royal Canin Veterinary Diets Satiety Weight Management Dry - 12 Kg,64.96,https://www.petsonic.com/24056-large_default/pienso-para-perros-royal-canin-veterinary-diets-satiety-weight-management-dry.jpg
Royal Canin Veterinary Diets Hypoallergenic Moderate Calorie - 1.5 Kg.,15.50,https://www.petsonic.com/24055-large_default/pienso-para-perros-royal-canin-veterinary-diets-hypoallergenic-moderate-calorie.jpg
Royal Canin Veterinary Diets Hypoallergenic Moderate Calorie - 7 Kg,48.95,https://www.petsonic.com/24055-large_default/pienso-para-perros-royal-canin-veterinary-diets-hypoallergenic-moderate-calorie.jpg
Royal Canin Veterinary Diets Hypoallergenic Moderate Calorie - 14 Kg,75.96,https://www.petsonic.com/24055-large_default/pienso-para-perros-royal-canin-veterinary-diets-hypoallergenic-moderate-calorie.jpg
Royal Canin Veterinary Diets Skin Support SS 23 - 2 Kg.,22.98,https://www.petsonic.com/24054-large_default/pienso-para-perros-royal-canin-veterinary-diets-skin-support-ss-23.jpg
Royal Canin Veterinary Diets Skin Support SS 23 - 7 Kg,60.29,https://www.petsonic.com/24054-large_default/pienso-para-perros-royal-canin-veterinary-diets-skin-support-ss-23.jpg
Royal Canin Veterinary Diets Gastro Intestinal Moderate Calories GIM23 - 2 Kg.,16.50,https://www.petsonic.com/24053-large_default/pienso-para-perros-royal-canin-veterinary-diets-gastro-intestinal-moderate-calories-gim23.jpg
Royal Canin Veterinary Diets Gastro Intestinal Moderate Calories GIM23 - 7.5 Kg,49.95,https://www.petsonic.com/24053-large_default/pienso-para-perros-royal-canin-veterinary-diets-gastro-intestinal-moderate-calories-gim23.jpg
Royal Canin Veterinary Diets Gastro Intestinal Moderate Calories GIM23 - 14 Kg,74.95,https://www.petsonic.com/24053-large_default/pienso-para-perros-royal-canin-veterinary-diets-gastro-intestinal-moderate-calories-gim23.jpg
Royal Canin Veterinary Diets Gastro Intestinal Junior - 2.5 Kg.,22.95,https://www.petsonic.com/24051-large_default/pienso-para-perros-royal-canin-veterinary-diets-gastro-intestinal-junior.jpg
Royal Canin Veterinary Diets Gastro Intestinal Junior - 10 Kg,58.95,https://www.petsonic.com/24051-large_default/pienso-para-perros-royal-canin-veterinary-diets-gastro-intestinal-junior.jpg
Royal Canin Veterinary Diets Renal RF 14 - 2 Kg.,15.70,https://www.petsonic.com/25730-large_default/pienso-para-perros-royal-canin-veterinary-diets-renal-rf-14.jpg
Royal Canin Veterinary Diets Renal RF 14 - 7 Kg,43.10,https://www.petsonic.com/25730-large_default/pienso-para-perros-royal-canin-veterinary-diets-renal-rf-14.jpg
Royal Canin Veterinary Diets Renal RF 14 - 14 Kg,68.99,https://www.petsonic.com/25730-large_default/pienso-para-perros-royal-canin-veterinary-diets-renal-rf-14.jpg
Royal Canin Veterinary Diets Gastrointestinal Low Fat LF22 - 1.5 Kg.,12.95,https://www.petsonic.com/23182-large_default/pienso-para-perros-royal-canin-veterinary-diets-gastrointestinal-low-fat-lf22.jpg
Royal Canin Veterinary Diets Gastrointestinal Low Fat LF22 - 6 Kg,39.95,https://www.petsonic.com/23182-large_default/pienso-para-perros-royal-canin-veterinary-diets-gastrointestinal-low-fat-lf22.jpg
Royal Canin Veterinary Diets Gastrointestinal Low Fat LF22 - 12 Kg,64.96,https://www.petsonic.com/23182-large_default/pienso-para-perros-royal-canin-veterinary-diets-gastrointestinal-low-fat-lf22.jpg
Royal Canin Babydog milk Leche para cachorros - 2 Kg.,49.95,https://www.petsonic.com/2067-large_default/comida-lata-para-perros-royal-canin-leche-para-cachorros.jpg
Royal canin mini starter mother&babydog pienso perros raza pequeña - 1 Kg.,7.95,https://www.petsonic.com/23948-large_default/royal-canin-mini-starter.jpg
Royal canin mini starter mother&babydog pienso perros raza pequeña - 3 Kg.,17.95,https://www.petsonic.com/23948-large_default/royal-canin-mini-starter.jpg
Royal canin mini starter mother&babydog pienso perros raza pequeña - 8.5 Kg,42.96,https://www.petsonic.com/23948-large_default/royal-canin-mini-starter.jpg
Royal Canin Veterinary Diets Vet Care Pediatric Junior Large Dog - 4 Kg.,26.96,https://www.petsonic.com/8136-large_default/pienso-para-perros-royal-canin-veterinary-diets-vet-care-pediatric-junior-large-dog.jpg
Royal Canin Veterinary Diets Vet Care Pediatric Junior Large Dog - 14 Kg,61.45,https://www.petsonic.com/8136-large_default/pienso-para-perros-royal-canin-veterinary-diets-vet-care-pediatric-junior-large-dog.jpg
Royal Canin Veterinary Diets Vet Care Adult Small Dog - 2 Kg.,14.22,https://www.petsonic.com/28708-large_default/pienso-para-perros-royal-canin-veterinary-diets-vet-care-adult-small-dog.jpg
Royal Canin Veterinary Diets Vet Care Adult Small Dog - 4 Kg.,23.27,https://www.petsonic.com/28708-large_default/pienso-para-perros-royal-canin-veterinary-diets-vet-care-adult-small-dog.jpg
Royal Canin Veterinary Diets Vet Care Adult Small Dog - 8 Kg,38.20,https://www.petsonic.com/28708-large_default/pienso-para-perros-royal-canin-veterinary-diets-vet-care-adult-small-dog.jpg
Royal Canin Veterinary Diets Vet Care Mature Small Dog - 1.5 Kg.,11.77,https://www.petsonic.com/28710-large_default/pienso-para-perros-royal-canin-veterinary-diets-vet-care-mature-small-dog.jpg
Royal Canin Veterinary Diets Vet Care Mature Small Dog - 3.5 Kg.,23.06,https://www.petsonic.com/28710-large_default/pienso-para-perros-royal-canin-veterinary-diets-vet-care-mature-small-dog.jpg
Royal Canin Veterinary Diets Vet Care Mature Dog - 10 Kg,41.99,https://www.petsonic.com/28714-large_default/pienso-para-perros-royal-canin-veterinary-diets-vet-care-mature-dog.jpg
Royal Canin Veterinary Diets Vet Care Mature Large Dog - 14 Kg,56.27,https://www.petsonic.com/28711-large_default/pienso-para-perros-royal-canin-veterinary-diets-vet-care-mature-large-dog.jpg
Royal Canin Veterinary Diets Vet Care Pediatric Starter Medium Dog - 12 Kg,57.89,https://www.petsonic.com/9796-large_default/pienso-para-perros-royal-canin-veterinary-diets-vet-care-pediatric-starter-medium-dog.jpg
Royal Canin Maxi Puppy pienso para cachorro - 4 Kg.,19.95,https://www.petsonic.com/23834-large_default/pienso-para-perros-royal-canin-maxi-junior-cachorros-razas-grandes.jpg
Royal Canin Maxi Puppy pienso para cachorro - 15 Kg,56.95,https://www.petsonic.com/23834-large_default/pienso-para-perros-royal-canin-maxi-junior-cachorros-razas-grandes.jpg
Royal Canin Veterinary Diets Cardiac EC26 - 2 Kg.,15.54,https://www.petsonic.com/28723-large_default/pienso-para-perros-royal-canin-veterinary-diets-cardiac-ec26.jpg
Royal Canin Veterinary Diets Cardiac EC26 - 7.5 Kg,46.72,https://www.petsonic.com/28723-large_default/pienso-para-perros-royal-canin-veterinary-diets-cardiac-ec26.jpg
Royal Canin Veterinary Diets Cardiac EC26 - 14 Kg,67.99,https://www.petsonic.com/28723-large_default/pienso-para-perros-royal-canin-veterinary-diets-cardiac-ec26.jpg
Royal Canin Veterinary Diets Dental Special Small Dog DSD 25 - 1.5 Kg.,16.64,https://www.petsonic.com/28719-large_default/pienso-para-perros-royal-canin-veterinary-diets-dental-special-small-dog-dsd-25.jpg
Royal Canin Veterinary Diets Dental Special Small Dog DSD 25 - 3.5 Kg.,26.35,https://www.petsonic.com/28719-large_default/pienso-para-perros-royal-canin-veterinary-diets-dental-special-small-dog-dsd-25.jpg
